Accession,Subtype,Source Location,Locus,Version,Definition,Source,Organism,Sequence Length,GenBank File,source:clone,source:collection_date,source:db_xref,source:geo_loc_name,source:host,source:isolate,source:isolation_source,source:mol_type,source:note,source:organism,source:serotype,source:strain,source:tissue_type
M62321,1a,1..9401,HPCPLYPRE,M62321.1,"Hepatitis C virus subtype 1a, complete genome.",hepatitis C virus genotype 1a,hepatitis C virus genotype 1a Viruses; Riboviria; Orthornavirae; Kitrinoviricota; Flasuviricetes; Amarillovirales; Flaviviridae; Orthohepacivirus; Orthohepacivirus hominis.,9401,subtype_files/M62321.gb,,,taxon:2847144,,,,,genomic RNA,,hepatitis C virus genotype 1a,,,
M67463,1a,1..9416,HPCCGAA,M67463.1,"Hepatitis C virus subtype 1a, complete genome.",hepatitis C virus genotype 1a,hepatitis C virus genotype 1a Viruses; Riboviria; Orthornavirae; Kitrinoviricota; Flasuviricetes; Amarillovirales; Flaviviridae; Orthohepacivirus; Orthohepacivirus hominis.,9416,subtype_files/M67463.gb,,,taxon:2847144,,,,,genomic RNA,,hepatitis C virus genotype 1a,,,
D90208,1b,1..9413,HPCJCG,D90208.1,"Hepatitis C virus ORF gene, complete cds.",Orthohepacivirus hominis,Orthohepacivirus hominis Viruses; Riboviria; Orthornavirae; Kitrinoviricota; Flasuviricetes; Amarillovirales; Flaviviridae; Orthohepacivirus.,9413,subtype_files/D90208.gb,,,taxon:3052230,,,,human plasma,genomic RNA,,Orthohepacivirus hominis,,J,
M58335,1b,1..9416,HPCHUMR,M58335.1,"Hepatitis C virus subtype 1b, complete genome.",Hepatitis C virus subtype 1b,Hepatitis C virus subtype 1b Viruses; Riboviria; Orthornavirae; Kitrinoviricota; Flasuviricetes; Amarillovirales; Flaviviridae; Orthohepacivirus; Orthohepacivirus hominis.,9416,subtype_files/M58335.gb,,,taxon:31647,,,,,genomic RNA,,Hepatitis C virus subtype 1b,,,
D14853,1c,1..9487,HPCCGS,D14853.1,"Hepatitis C virus (isolate HC-G9) genomic RNA, complete genome.",Hepatitis C virus (isolate HC-G9),Hepatitis C virus (isolate HC-G9) Viruses; Riboviria; Orthornavirae; Kitrinoviricota; Flasuviricetes; Amarillovirales; Flaviviridae; Orthohepacivirus; Orthohepacivirus hominis.,9487,subtype_files/D14853.gb,,,taxon:356410,,,HC-G9,,genomic RNA,,Hepatitis C virus (isolate HC-G9),,,
AY051292,1c,1..9441,AY051292,AY051292.1,"Hepatitis C virus (isolate India) polyprotein mRNA, complete cds.",Hepatitis C virus (isolate India),Hepatitis C virus (isolate India) Viruses; Riboviria; Orthornavirae; Kitrinoviricota; Flasuviricetes; Amarillovirales; Flaviviridae; Orthohepacivirus; Orthohepacivirus hominis.,9441,subtype_files/AY051292.gb,,,taxon:356386,India,,,,mRNA,,Hepatitis C virus (isolate India),,,
KJ439768,1d,1..9451,KJ439768,KJ439768.1,"Hepatitis C virus isolate QC103, complete genome.",Orthohepacivirus hominis,Orthohepacivirus hominis Viruses; Riboviria; Orthornavirae; Kitrinoviricota; Flasuviricetes; Amarillovirales; Flaviviridae; Orthohepacivirus.,9397,subtype_files/KJ439768.gb,,,taxon:3052230,Canada,Homo sapiens,QC103,serum of a female immigrant living in Quebec with her origin in Morocco,genomic RNA,genotype: 1d,Orthohepacivirus hominis,,,
KC248194,1e,1..9422,KC248194,KC248194.1,"Hepatitis C virus isolate 148636, complete genome.",Orthohepacivirus hominis,Orthohepacivirus hominis Viruses; Riboviria; Orthornavirae; Kitrinoviricota; Flasuviricetes; Amarillovirales; Flaviviridae; Orthohepacivirus.,9418,subtype_files/KC248194.gb,,,taxon:3052230,United Kingdom,Homo sapiens,148636,serum of an immigrant from Africa,genomic RNA,subtype: 1e,Orthohepacivirus hominis,,,
KJ439769,1e,1..9424,KJ439769,KJ439769.1,"Hepatitis C virus isolate QC172, complete genome.",Orthohepacivirus hominis,Orthohepacivirus hominis Viruses; Riboviria; Orthornavirae; Kitrinoviricota; Flasuviricetes; Amarillovirales; Flaviviridae; Orthohepacivirus.,9401,subtype_files/KJ439769.gb,,,taxon:3052230,Canada,Homo sapiens,QC172,serum of a male immigrant living in Quebec with his origin in East Central Africa,genomic RNA,genotype: 1e,Orthohepacivirus hominis,,,
AM910652,1g,1..9490,AM910652,AM910652.2,Hepatitis C virus subtype 1g complete genome.,Hepatitis C virus subtype 1g,Hepatitis C virus subtype 1g Viruses; Riboviria; Orthornavirae; Kitrinoviricota; Flasuviricetes; Amarillovirales; Flaviviridae; Orthohepacivirus; Orthohepacivirus hominis.,9490,subtype_files/AM910652.gb,,,taxon:484894,Spain:Barcelona,Homo sapiens,1804,,genomic RNA,,Hepatitis C virus subtype 1g,,,serum
KJ439770,1g,1..9462,KJ439770,KJ439770.1,"Hepatitis C virus isolate QC78, complete genome.",Orthohepacivirus hominis,Orthohepacivirus hominis Viruses; Riboviria; Orthornavirae; Kitrinoviricota; Flasuviricetes; Amarillovirales; Flaviviridae; Orthohepacivirus.,9431,subtype_files/KJ439770.gb,,,taxon:3052230,Canada,Homo sapiens,QC78,serum of a female immigrant living in Quebec with her origin in Egypt,genomic RNA,genotype: 1g,Orthohepacivirus hominis,,,
KC248198,1h,1..9421,KC248198,KC248198.1,"Hepatitis C virus isolate EBW443, complete genome.",Orthohepacivirus hominis,Orthohepacivirus hominis Viruses; Riboviria; Orthornavirae; Kitrinoviricota; Flasuviricetes; Amarillovirales; Flaviviridae; Orthohepacivirus.,9410,subtype_files/KC248198.gb,,,taxon:3052230,Cameroon,Homo sapiens,EBW443,serum,genomic RNA,subtype: 1h; genotype: 1,Orthohepacivirus hominis,,,
KC248199,1h,1..9420,KC248199,KC248199.1,"Hepatitis C virus isolate EBW9, complete genome.",Orthohepacivirus hominis,Orthohepacivirus hominis Viruses; Riboviria; Orthornavirae; Kitrinoviricota; Flasuviricetes; Amarillovirales; Flaviviridae; Orthohepacivirus.,9414,subtype_files/KC248199.gb,,,taxon:3052230,Cameroon,Homo sapiens,EBW9,serum,genomic RNA,subtype: 1h; genotype: 1,Orthohepacivirus hominis,,,
KJ439772,1i,1..9421,KJ439772,KJ439772.1,"Hepatitis C virus isolate QC181, complete genome.",Orthohepacivirus hominis,Orthohepacivirus hominis Viruses; Riboviria; Orthornavirae; Kitrinoviricota; Flasuviricetes; Amarillovirales; Flaviviridae; Orthohepacivirus.,9417,subtype_files/KJ439772.gb,,,taxon:3052230,Canada,Homo sapiens,QC181,serum of a female immigrant living in Quebec with her origin in Algeria,genomic RNA,genotype: 1i,Orthohepacivirus hominis,,,
KJ439773,1j,1..9413,KJ439773,KJ439773.1,"Hepatitis C virus isolate QC329, complete genome.",Orthohepacivirus hominis,Orthohepacivirus hominis Viruses; Riboviria; Orthornavirae; Kitrinoviricota; Flasuviricetes; Amarillovirales; Flaviviridae; Orthohepacivirus.,9403,subtype_files/KJ439773.gb,,,taxon:3052230,Canada,Homo sapiens,QC329,serum of a female immigrant living in Quebec with her origin in Haiti,genomic RNA,genotype: 1j,Orthohepacivirus hominis,,,
KJ439774,1k,1..9446,KJ439774,KJ439774.1,"Hepatitis C virus isolate QC82, complete genome.",Orthohepacivirus hominis,Orthohepacivirus hominis Viruses; Riboviria; Orthornavirae; Kitrinoviricota; Flasuviricetes; Amarillovirales; Flaviviridae; Orthohepacivirus.,9437,subtype_files/KJ439774.gb,,,taxon:3052230,Canada,Homo sapiens,QC82,serum of a female immigrant living in Quebec with her origin in Haiti,genomic RNA,genotype: 1k,Orthohepacivirus hominis,,,
KC248193,1l,1..9430,KC248193,KC248193.1,"Hepatitis C virus isolate 136142, complete genome.",Orthohepacivirus hominis,Orthohepacivirus hominis Viruses; Riboviria; Orthornavirae; Kitrinoviricota; Flasuviricetes; Amarillovirales; Flaviviridae; Orthohepacivirus.,9423,subtype_files/KC248193.gb,,,taxon:3052230,,Homo sapiens,136142,serum of an immigrant from Africa,genomic RNA,subtype: 1?,Orthohepacivirus hominis,,,
KC248197,1l,1..9433,KC248197,KC248197.1,"Hepatitis C virus isolate EBW424, complete genome.",Orthohepacivirus hominis,Orthohepacivirus hominis Viruses; Riboviria; Orthornavirae; Kitrinoviricota; Flasuviricetes; Amarillovirales; Flaviviridae; Orthohepacivirus.,9431,subtype_files/KC248197.gb,,,taxon:3052230,Cameroon,Homo sapiens,EBW424,serum,genomic RNA,subtype: 1l; genotype: 1,Orthohepacivirus hominis,,,
KJ439778,1m,1..9448,KJ439778,KJ439778.1,"Hepatitis C virus isolate QC196, complete genome.",Orthohepacivirus hominis,Orthohepacivirus hominis Viruses; Riboviria; Orthornavirae; Kitrinoviricota; Flasuviricetes; Amarillovirales; Flaviviridae; Orthohepacivirus.,9441,subtype_files/KJ439778.gb,,,taxon:3052230,Canada,Homo sapiens,QC196,serum of a male immigrant living in Quebec with his origin in Haiti,genomic RNA,genotype: 1,Orthohepacivirus hominis,,,
KJ439782,1m,1..9448,KJ439782,KJ439782.1,"Hepatitis C virus isolate QC87, complete genome.",Orthohepacivirus hominis,Orthohepacivirus hominis Viruses; Riboviria; Orthornavirae; Kitrinoviricota; Flasuviricetes; Amarillovirales; Flaviviridae; Orthohepacivirus.,9441,subtype_files/KJ439782.gb,,,taxon:3052230,Canada,Homo sapiens,QC87,serum of a male immigrant living in Quebec with his origin in Haiti,genomic RNA,genotype: 1,Orthohepacivirus hominis,,,
KJ439775,1n,1..9411,KJ439775,KJ439775.1,"Hepatitis C virus isolate QC113, complete genome.",Orthohepacivirus hominis,Orthohepacivirus hominis Viruses; Riboviria; Orthornavirae; Kitrinoviricota; Flasuviricetes; Amarillovirales; Flaviviridae; Orthohepacivirus.,9403,subtype_files/KJ439775.gb,,,taxon:3052230,Canada,Homo sapiens,QC113,serum of a female immigrant living in Quebec with her origin in Haiti,genomic RNA,genotype: 1,Orthohepacivirus hominis,,,
KJ439781,1n,1..9447,KJ439781,KJ439781.1,"Hepatitis C virus isolate QC74, complete genome.",Orthohepacivirus hominis,Orthohepacivirus hominis Viruses; Riboviria; Orthornavirae; Kitrinoviricota; Flasuviricetes; Amarillovirales; Flaviviridae; Orthohepacivirus.,9433,subtype_files/KJ439781.gb,,,taxon:3052230,Canada,Homo sapiens,QC74,serum of a female immigrant living in Quebec with her origin in Haiti,genomic RNA,genotype: 1,Orthohepacivirus hominis,,,
KJ439779,1o,1..9413,KJ439779,KJ439779.1,"Hepatitis C virus isolate QC316, complete genome.",Orthohepacivirus hominis,Orthohepacivirus hominis Viruses; Riboviria; Orthornavirae; Kitrinoviricota; Flasuviricetes; Amarillovirales; Flaviviridae; Orthohepacivirus.,9398,subtype_files/KJ439779.gb,,,taxon:3052230,Canada,Homo sapiens,QC316,serum of a female immigrant living in Quebec with her origin in Cameroon,genomic RNA,genotype: 1,Orthohepacivirus hominis,,,
MH885469,1o,1..9359,MH885469,MH885469.1,"Orthohepacivirus hominis strain DE/17-0414, complete genome.",Orthohepacivirus hominis,Orthohepacivirus hominis Viruses; Riboviria; Orthornavirae; Kitrinoviricota; Flasuviricetes; Amarillovirales; Flaviviridae; Orthohepacivirus.,9358,subtype_files/MH885469.gb,,2017,taxon:3052230,Germany,Homo sapiens,,dried blood spots,genomic RNA,genotype: 1,Orthohepacivirus hominis,,DE/17-0414,
D00944,2a,1..9589,HPCPOLP,D00944.1,"Hepatitis C virus genomic RNA for polyprotein, complete cds.",Orthohepacivirus hominis,Orthohepacivirus hominis Viruses; Riboviria; Orthornavirae; Kitrinoviricota; Flasuviricetes; Amarillovirales; Flaviviridae; Orthohepacivirus.,9589,subtype_files/D00944.gb,,,taxon:3052230,,,HC-J6,,genomic RNA,,Orthohepacivirus hominis,,,
AB047639,2a,1..9678,AB047639,AB047639.1,"Hepatitis C virus (isolate JFH-1) genomic RNA, complete genome.",Hepatitis C virus JFH-1,Hepatitis C virus JFH-1 Viruses; Riboviria; Orthornavirae; Kitrinoviricota; Flasuviricetes; Amarillovirales; Flaviviridae; Orthohepacivirus; Orthohepacivirus hominis.,9678,subtype_files/AB047639.gb,JFH-1,,taxon:356411,,,,,genomic RNA,isolated from fulminant hepatitis patient/genotype 2a,Hepatitis C virus JFH-1,,,
D10988,2b,1..9511,HPCJ8G,D10988.1,Hepatitis C virus genome.,Orthohepacivirus hominis,Orthohepacivirus hominis Viruses; Riboviria; Orthornavirae; Kitrinoviricota; Flasuviricetes; Amarillovirales; Flaviviridae; Orthohepacivirus.,9511,subtype_files/D10988.gb,,,taxon:3052230,,,HC-J8,,genomic RNA,,Orthohepacivirus hominis,,,
AB030907,2b,1..9654,AB030907,AB030907.1,"Hepatitis C virus (isolate JPUT971017) genomic RNA, complete genome.",Hepatitis C virus (isolate JPUT971017),Hepatitis C virus (isolate JPUT971017) Viruses; Riboviria; Orthornavirae; Kitrinoviricota; Flasuviricetes; Amarillovirales; Flaviviridae; Orthohepacivirus; Orthohepacivirus hominis.,9654,subtype_files/AB030907.gb,,,taxon:356412,,,JPUT971017,,genomic RNA,,Hepatitis C virus (isolate JPUT971017),,MA,
D50409,2c,1..9513,D50409,D50409.1,"Hepatitis C virus (isolate BEBE1) genomic RNA, complete genome.",Hepatitis C virus (isolate BEBE1),Hepatitis C virus (isolate BEBE1) Viruses; Riboviria; Orthornavirae; Kitrinoviricota; Flasuviricetes; Amarillovirales; Flaviviridae; Orthohepacivirus; Orthohepacivirus hominis.,9513,subtype_files/D50409.gb,,,taxon:356413,,,BEBE1,,genomic RNA,,Hepatitis C virus (isolate BEBE1),,,
JF735114,2d,1..9508,JF735114,JF735114.1,"Hepatitis C virus isolate QC259, complete genome.",Orthohepacivirus hominis,Orthohepacivirus hominis Viruses; Riboviria; Orthornavirae; Kitrinoviricota; Flasuviricetes; Amarillovirales; Flaviviridae; Orthohepacivirus.,9478,subtype_files/JF735114.gb,,,taxon:3052230,Canada,Homo sapiens,QC259,serum from a patient infected with HCV,genomic RNA,genotype: 2d,Orthohepacivirus hominis,,,
JF735120,2e,1..9825,JF735120,JF735120.1,"Hepatitis C virus isolate QC64, complete genome.",Orthohepacivirus hominis,Orthohepacivirus hominis Viruses; Riboviria; Orthornavirae; Kitrinoviricota; Flasuviricetes; Amarillovirales; Flaviviridae; Orthohepacivirus.,9820,subtype_files/JF735120.gb,,,taxon:3052230,Canada,Homo sapiens,QC64,serum from a patient infected with HCV,genomic RNA,genotype: 2e,Orthohepacivirus hominis,,,
KC844042,2f,1..9472,KC844042,KC844042.1,"Hepatitis C virus subtype 2f isolate ZS542 polyprotein gene, complete cds.",Hepatitis C virus subtype 2f,Hepatitis C virus subtype 2f Viruses; Riboviria; Orthornavirae; Kitrinoviricota; Flasuviricetes; Amarillovirales; Flaviviridae; Orthohepacivirus; Orthohepacivirus hominis.,9440,subtype_files/KC844042.gb,,2010,taxon:44021,China,Homo sapiens,ZS542,,genomic RNA,genotype: 2f,Hepatitis C virus subtype 2f,,,
KC844050,2f,1..9470,KC844050,KC844050.1,"Hepatitis C virus subtype 2f isolate 98799 polyprotein gene, complete cds.",Hepatitis C virus subtype 2f,Hepatitis C virus subtype 2f Viruses; Riboviria; Orthornavirae; Kitrinoviricota; Flasuviricetes; Amarillovirales; Flaviviridae; Orthohepacivirus; Orthohepacivirus hominis.,9412,subtype_files/KC844050.gb,,2002,taxon:44021,China,Homo sapiens,98799,,genomic RNA,genotype: 2f,Hepatitis C virus subtype 2f,,,
DQ155561,2i,1..9370,DQ155561,DQ155561.1,"Hepatitis C virus (isolate D54) polyprotein gene, partial cds.",Hepatitis C virus (isolate D54),Hepatitis C virus (isolate D54) Viruses; Riboviria; Orthornavirae; Kitrinoviricota; Flasuviricetes; Amarillovirales; Flaviviridae; Orthohepacivirus; Orthohepacivirus hominis.,9370,subtype_files/DQ155561.gb,,,taxon:356388,Viet Nam: Ho Chi Minh City,,,blood donor,genomic RNA,genotype: 2i,Hepatitis C virus (isolate D54),,D54,
HM777358,2j,1..9112,HM777358,HM777358.1,"Hepatitis C virus isolate C1799 genotype 2j polyprotein gene, partial cds.",Orthohepacivirus hominis,Orthohepacivirus hominis Viruses; Riboviria; Orthornavirae; Kitrinoviricota; Flasuviricetes; Amarillovirales; Flaviviridae; Orthohepacivirus.,9112,subtype_files/HM777358.gb,,09-Nov-2006,taxon:3052230,Venezuela,Homo sapiens,C1799,serum,genomic RNA,genotype: 2j,Orthohepacivirus hominis,,,
JF735113,2j,1..9509,JF735113,JF735113.1,"Hepatitis C virus isolate QC232, complete genome.",Orthohepacivirus hominis,Orthohepacivirus hominis Viruses; Riboviria; Orthornavirae; Kitrinoviricota; Flasuviricetes; Amarillovirales; Flaviviridae; Orthohepacivirus.,9500,subtype_files/JF735113.gb,,,taxon:3052230,Canada,Homo sapiens,QC232,serum from a patient infected with HCV,genomic RNA,genotype: 2j,Orthohepacivirus hominis,,,
AB031663,2k,1..9488,AB031663,AB031663.1,"Hepatitis C virus (isolate VAT96) genomic RNA, complete genome.",Hepatitis C virus (isolate VAT96),Hepatitis C virus (isolate VAT96) Viruses; Riboviria; Orthornavirae; Kitrinoviricota; Flasuviricetes; Amarillovirales; Flaviviridae; Orthohepacivirus; Orthohepacivirus hominis.,9488,subtype_files/AB031663.gb,,,taxon:356414,,Homo sapiens,HCV VAT96,human serum,genomic RNA,HCV; genotype 2,Hepatitis C virus (isolate VAT96),,,
KC197235,2l,1..9358,KC197235,KC197235.1,"Hepatitis C virus isolate MRS89 polyprotein gene, complete cds.",Orthohepacivirus hominis,Orthohepacivirus hominis Viruses; Riboviria; Orthornavirae; Kitrinoviricota; Flasuviricetes; Amarillovirales; Flaviviridae; Orthohepacivirus.,9358,subtype_files/KC197235.gb,,1995,taxon:3052230,France,Homo sapiens,MRS89,plasma,genomic RNA,genotype: 2l,Orthohepacivirus hominis,,,
KC197240,2l,1..9402,KC197240,KC197240.1,"Hepatitis C virus isolate PTR7904 polyprotein gene, complete cds.",Orthohepacivirus hominis,Orthohepacivirus hominis Viruses; Riboviria; Orthornavirae; Kitrinoviricota; Flasuviricetes; Amarillovirales; Flaviviridae; Orthohepacivirus.,9402,subtype_files/KC197240.gb,,2008,taxon:3052230,France,Homo sapiens,PTR7904,plasma,genomic RNA,genotype: 2l,Orthohepacivirus hominis,,,
JF735111,2m,1..9618,JF735111,JF735111.1,"Hepatitis C virus isolate QC178, complete genome.",Orthohepacivirus hominis,Orthohepacivirus hominis Viruses; Riboviria; Orthornavirae; Kitrinoviricota; Flasuviricetes; Amarillovirales; Flaviviridae; Orthohepacivirus.,9610,subtype_files/JF735111.gb,,,taxon:3052230,Canada,Homo sapiens,QC178,serum from a patient infected with HCV,genomic RNA,genotype: 2m,Orthohepacivirus hominis,,,
JX227967,2m,1..9383,JX227967,JX227967.1,"Hepatitis C virus subtype 2m isolate HCV-2m/CA/BID-G1314, complete genome.",Hepatitis C virus subtype 2m,Hepatitis C virus subtype 2m Viruses; Riboviria; Orthornavirae; Kitrinoviricota; Flasuviricetes; Amarillovirales; Flaviviridae; Orthohepacivirus; Orthohepacivirus hominis.,9383,subtype_files/JX227967.gb,,,taxon:1094901,Canada,Homo sapiens,HCV-2m/CA/BID-G1314,plasma,genomic RNA,,Hepatitis C virus subtype 2m,,,
FN666428,2q,1..9566,FN666428,FN666428.2,"Hepatitis C virus gene for polyprotein, genomic RNA, subtype 2q, isolate 963.",Orthohepacivirus hominis,Orthohepacivirus hominis Viruses; Riboviria; Orthornavirae; Kitrinoviricota; Flasuviricetes; Amarillovirales; Flaviviridae; Orthohepacivirus.,9558,subtype_files/FN666428.gb,,2002,taxon:3052230,Spain:Barcelona,Homo sapiens,963,host serum,genomic RNA,subtype 2q,Orthohepacivirus hominis,,,
FN666429,2q,1..9398,FN666429,FN666429.1,"Hepatitis C virus partial gene for polyprotein, genomic RNA, subtype 2q, isolate 852.",Orthohepacivirus hominis,Orthohepacivirus hominis Viruses; Riboviria; Orthornavirae; Kitrinoviricota; Flasuviricetes; Amarillovirales; Flaviviridae; Orthohepacivirus.,9398,subtype_files/FN666429.gb,,2001,taxon:3052230,Spain:Barcelona,Homo sapiens,852,host serum,genomic RNA,subtype 2q,Orthohepacivirus hominis,,,
JF735115,2r,1..9512,JF735115,JF735115.1,"Hepatitis C virus isolate QC283, complete genome.",Orthohepacivirus hominis,Orthohepacivirus hominis Viruses; Riboviria; Orthornavirae; Kitrinoviricota; Flasuviricetes; Amarillovirales; Flaviviridae; Orthohepacivirus.,9501,subtype_files/JF735115.gb,,,taxon:3052230,Canada,Homo sapiens,QC283,serum from a patient infected with HCV,genomic RNA,genotype: 2r,Orthohepacivirus hominis,,,
KC197238,2t,1..9616,KC197238,KC197238.1,"Hepatitis C virus isolate MRS40 polyprotein gene, complete cds.",Orthohepacivirus hominis,Orthohepacivirus hominis Viruses; Riboviria; Orthornavirae; Kitrinoviricota; Flasuviricetes; Amarillovirales; Flaviviridae; Orthohepacivirus.,9616,subtype_files/KC197238.gb,,1995,taxon:3052230,France,Homo sapiens,MRS40,plasma,genomic RNA,genotype: 2,Orthohepacivirus hominis,,,
JF735112,2u,1..9520,JF735112,JF735112.1,"Hepatitis C virus isolate QC182, complete genome.",Orthohepacivirus hominis,Orthohepacivirus hominis Viruses; Riboviria; Orthornavirae; Kitrinoviricota; Flasuviricetes; Amarillovirales; Flaviviridae; Orthohepacivirus.,9512,subtype_files/JF735112.gb,,,taxon:3052230,Canada,Homo sapiens,QC182,serum from a patient infected with HCV,genomic RNA,genotype: 2,Orthohepacivirus hominis,,,
MW041295,2v,1..9403,MW041295,MW041295.1,"Orthohepacivirus hominis isolate 495-05 polyprotein gene, partial cds.",Orthohepacivirus hominis,Orthohepacivirus hominis Viruses; Riboviria; Orthornavirae; Kitrinoviricota; Flasuviricetes; Amarillovirales; Flaviviridae; Orthohepacivirus.,9403,subtype_files/MW041295.gb,,2005,taxon:3052230,Tunisia,Homo sapiens,495-05,serum,genomic RNA,genotype: 2,Orthohepacivirus hominis,,,
D17763,3a,1..9456,HPCEGS,D17763.1,"Hepatitis C virus (isolate NZL1) genomic RNA, complete genome.",Hepatitis C virus (isolate NZL1),Hepatitis C virus (isolate NZL1) Viruses; Riboviria; Orthornavirae; Kitrinoviricota; Flasuviricetes; Amarillovirales; Flaviviridae; Orthohepacivirus; Orthohepacivirus hominis.,9456,subtype_files/D17763.gb,,,taxon:356415,,,NZL1,,genomic RNA,,Hepatitis C virus (isolate NZL1),,,
D28917,3a,1..9454,HPCK3A,D28917.1,"Hepatitis C virus (isolate HCV-K3a/650) genomic RNA, complete genome.",Hepatitis C virus (isolate HCV-K3a/650),Hepatitis C virus (isolate HCV-K3a/650) Viruses; Riboviria; Orthornavirae; Kitrinoviricota; Flasuviricetes; Amarillovirales; Flaviviridae; Orthohepacivirus; Orthohepacivirus hominis.,9454,subtype_files/D28917.gb,,,taxon:356416,,,HCV-K3a/650,,genomic RNA,,Hepatitis C virus (isolate HCV-K3a/650),,K3a,
D49374,3b,1..9444,HPCFG,D49374.1,"Hepatitis C virus (isolate Tr Kj) genomic RNA, complete genome.",Hepatitis C virus (isolate Tr Kj),Hepatitis C virus (isolate Tr Kj) Viruses; Riboviria; Orthornavirae; Kitrinoviricota; Flasuviricetes; Amarillovirales; Flaviviridae; Orthohepacivirus; Orthohepacivirus hominis.,9444,subtype_files/D49374.gb,,,taxon:357355,,,patient Tr Kj,,genomic RNA,,Hepatitis C virus (isolate Tr Kj),,,
KJ470619,3d,1..9458,KJ470619,KJ470619.1,"Hepatitis C virus isolate NE274, complete genome.",Orthohepacivirus hominis,Orthohepacivirus hominis Viruses; Riboviria; Orthornavirae; Kitrinoviricota; Flasuviricetes; Amarillovirales; Flaviviridae; Orthohepacivirus.,9406,subtype_files/KJ470619.gb,,,taxon:3052230,Nepal,Homo sapiens,NE274,,genomic RNA,genotype: 3d,Orthohepacivirus hominis,,,
KJ470618,3e,1..9458,KJ470618,KJ470618.1,"Hepatitis C virus isolate NE145, complete genome.",Orthohepacivirus hominis,Orthohepacivirus hominis Viruses; Riboviria; Orthornavirae; Kitrinoviricota; Flasuviricetes; Amarillovirales; Flaviviridae; Orthohepacivirus.,9454,subtype_files/KJ470618.gb,,,taxon:3052230,Nepal,Homo sapiens,NE145,,genomic RNA,genotype: 3e,Orthohepacivirus hominis,,,
JX227954,3g,1..9353,JX227954,JX227954.1,"Hepatitis C virus subtype 3g isolate HCV-3g/GB/BID-G1243, complete genome.",Hepatitis C virus subtype 3g,Hepatitis C virus subtype 3g Viruses; Riboviria; Orthornavirae; Kitrinoviricota; Flasuviricetes; Amarillovirales; Flaviviridae; Orthohepacivirus; Orthohepacivirus hominis.,9353,subtype_files/JX227954.gb,,,taxon:42792,United Kingdom,Homo sapiens,HCV-3g/GB/BID-G1243,plasma,genomic RNA,,Hepatitis C virus subtype 3g,,,
JF735123,3g,1..9634,JF735123,JF735123.1,"Hepatitis C virus isolate QC260, complete genome.",Orthohepacivirus hominis,Orthohepacivirus hominis Viruses; Riboviria; Orthornavirae; Kitrinoviricota; Flasuviricetes; Amarillovirales; Flaviviridae; Orthohepacivirus.,9631,subtype_files/JF735123.gb,,,taxon:3052230,Canada,Homo sapiens,QC260,serum from a patient infected with HCV,genomic RNA,genotype: 3g,Orthohepacivirus hominis,,,
JF735121,3h,1..9579,JF735121,JF735121.1,"Hepatitis C virus isolate QC29, complete genome.",Orthohepacivirus hominis,Orthohepacivirus hominis Viruses; Riboviria; Orthornavirae; Kitrinoviricota; Flasuviricetes; Amarillovirales; Flaviviridae; Orthohepacivirus.,9574,subtype_files/JF735121.gb,,,taxon:3052230,Canada,Homo sapiens,QC29,serum from a patient infected with HCV,genomic RNA,genotype: 3h,Orthohepacivirus hominis,,,
FJ407092,3i,1..9433,FJ407092,FJ407092.1,"Hepatitis C virus isolate IND-HCV-3i, complete genome.",Orthohepacivirus hominis,Orthohepacivirus hominis Viruses; Riboviria; Orthornavirae; Kitrinoviricota; Flasuviricetes; Amarillovirales; Flaviviridae; Orthohepacivirus.,9433,subtype_files/FJ407092.gb,,02-Jun-2002,taxon:3052230,India,Homo sapiens,IND-HCV-3i,serum,genomic RNA,subtype: 3i,Orthohepacivirus hominis,,,
JX227955,3i,1..9352,JX227955,JX227955.1,"Hepatitis C virus subtype 3i isolate HCV-3i/GB/BID-G1244, complete genome.",Hepatitis C virus subtype 3i,Hepatitis C virus subtype 3i Viruses; Riboviria; Orthornavirae; Kitrinoviricota; Flasuviricetes; Amarillovirales; Flaviviridae; Orthohepacivirus; Orthohepacivirus hominis.,9352,subtype_files/JX227955.gb,,,taxon:1094895,United Kingdom,Homo sapiens,HCV-3i/GB/BID-G1244,plasma,genomic RNA,,Hepatitis C virus subtype 3i,,,
D63821,3k,1..9450,HPCJK049E1,D63821.1,"Hepatitis C virus (isolate JK049) genomic RNA, complete genome.",Hepatitis C virus (isolate JK049),Hepatitis C virus (isolate JK049) Viruses; Riboviria; Orthornavirae; Kitrinoviricota; Flasuviricetes; Amarillovirales; Flaviviridae; Orthohepacivirus; Orthohepacivirus hominis.,9450,subtype_files/D63821.gb,,,taxon:356417,,,JK049,,genomic RNA,,Hepatitis C virus (isolate JK049),,,
JF735122,3k,1..9660,JF735122,JF735122.1,"Hepatitis C virus isolate QC105, complete genome.",Orthohepacivirus hominis,Orthohepacivirus hominis Viruses; Riboviria; Orthornavirae; Kitrinoviricota; Flasuviricetes; Amarillovirales; Flaviviridae; Orthohepacivirus.,9616,subtype_files/JF735122.gb,,,taxon:3052230,Canada,Homo sapiens,QC105,serum from a patient infected with HCV,genomic RNA,genotype: 3k,Orthohepacivirus hominis,,,
Y11604,4a,1..9355,Y11604,Y11604.1,Hepatitis C virus type 4a RNA for HCV polyprotein.,Hepatitis C virus ED43,Hepatitis C virus ED43 Viruses; Riboviria; Orthornavirae; Kitrinoviricota; Flasuviricetes; Amarillovirales; Flaviviridae; Orthohepacivirus; Orthohepacivirus hominis.,9355,subtype_files/Y11604.gb,,,taxon:356418,,,ED43 genotype 4A,,genomic RNA,,Hepatitis C virus ED43,,,
FJ462435,4b,1..9440,FJ462435,FJ462435.1,"Hepatitis C virus isolate QC264, complete genome.",Orthohepacivirus hominis,Orthohepacivirus hominis Viruses; Riboviria; Orthornavirae; Kitrinoviricota; Flasuviricetes; Amarillovirales; Flaviviridae; Orthohepacivirus.,9427,subtype_files/FJ462435.gb,,,taxon:3052230,Canada: Quebec,Homo sapiens,QC264,serum sample of African immigrant,genomic RNA,genotype: 4b,Orthohepacivirus hominis,,,
FJ462436,4c,1..9468,FJ462436,FJ462436.1,"Hepatitis C virus isolate QC381, complete genome.",Orthohepacivirus hominis,Orthohepacivirus hominis Viruses; Riboviria; Orthornavirae; Kitrinoviricota; Flasuviricetes; Amarillovirales; Flaviviridae; Orthohepacivirus.,9447,subtype_files/FJ462436.gb,,,taxon:3052230,Canada: Quebec,Homo sapiens,QC381,serum sample of African immigrant,genomic RNA,genotype: 4c,Orthohepacivirus hominis,,,
DQ418786,4d,1..9273,DQ418786,DQ418786.1,"Hepatitis C virus subtype 4d isolate 03-18 polyprotein gene, complete cds.",Hepatitis C virus subtype 4d,Hepatitis C virus subtype 4d Viruses; Riboviria; Orthornavirae; Kitrinoviricota; Flasuviricetes; Amarillovirales; Flaviviridae; Orthohepacivirus; Orthohepacivirus hominis.,9265,subtype_files/DQ418786.gb,,,taxon:128819,"USA: Boston, MA",,03-18,,genomic RNA,genotype: 4,Hepatitis C virus subtype 4d,,,
FJ462437,4d,1..9421,FJ462437,FJ462437.1,"Hepatitis C virus isolate QC382, complete genome.",Orthohepacivirus hominis,Orthohepacivirus hominis Viruses; Riboviria; Orthornavirae; Kitrinoviricota; Flasuviricetes; Amarillovirales; Flaviviridae; Orthohepacivirus.,9410,subtype_files/FJ462437.gb,,,taxon:3052230,Canada: Quebec,Homo sapiens,QC382,serum sample of African immigrant,genomic RNA,genotype: 4d,Orthohepacivirus hominis,,,
EF589161,4f,1..9304,EF589161,EF589161.1,"Hepatitis C virus subtype 4f strain IFBT88 polyprotein gene, partial cds.",Hepatitis C virus subtype 4f,Hepatitis C virus subtype 4f Viruses; Riboviria; Orthornavirae; Kitrinoviricota; Flasuviricetes; Amarillovirales; Flaviviridae; Orthohepacivirus; Orthohepacivirus hominis.,9278,subtype_files/EF589161.gb,,,taxon:44023,France,,,blood serum,genomic RNA,subtype: 4f; genotype: 4,Hepatitis C virus subtype 4f,,IFBT88,
EU392175,4f,1..9297,EU392175,EU392175.1,"Hepatitis C virus isolate PS6 genotype 4f polyprotein gene, complete cds.",Orthohepacivirus hominis,Orthohepacivirus hominis Viruses; Riboviria; Orthornavirae; Kitrinoviricota; Flasuviricetes; Amarillovirales; Flaviviridae; Orthohepacivirus.,9287,subtype_files/EU392175.gb,,,taxon:3052230,,,PS6,plasma,genomic RNA,genotype: 4f,Orthohepacivirus hominis,,,
FJ462432,4g,1..9435,FJ462432,FJ462432.1,"Hepatitis C virus isolate QC193, complete genome.",Orthohepacivirus hominis,Orthohepacivirus hominis Viruses; Riboviria; Orthornavirae; Kitrinoviricota; Flasuviricetes; Amarillovirales; Flaviviridae; Orthohepacivirus.,9417,subtype_files/FJ462432.gb,,,taxon:3052230,Canada: Quebec,Homo sapiens,QC193,serum sample of African immigrant,genomic RNA,genotype: 4g,Orthohepacivirus hominis,,,
EU392173,4k,1..9312,EU392173,EU392173.1,"Hepatitis C virus isolate PS3 genotype 4k polyprotein gene, complete cds.",Orthohepacivirus hominis,Orthohepacivirus hominis Viruses; Riboviria; Orthornavirae; Kitrinoviricota; Flasuviricetes; Amarillovirales; Flaviviridae; Orthohepacivirus.,9311,subtype_files/EU392173.gb,,,taxon:3052230,,,PS3,plasma,genomic RNA,genotype: 4k,Orthohepacivirus hominis,,,
FJ462438,4k,1..9438,FJ462438,FJ462438.1,"Hepatitis C virus isolate QC383, complete genome.",Orthohepacivirus hominis,Orthohepacivirus hominis Viruses; Riboviria; Orthornavirae; Kitrinoviricota; Flasuviricetes; Amarillovirales; Flaviviridae; Orthohepacivirus.,9401,subtype_files/FJ462438.gb,,,taxon:3052230,Canada: Quebec,Homo sapiens,QC383,serum sample of African immigrant,genomic RNA,genotype: 4k,Orthohepacivirus hominis,,,
FJ839870,4l,1..9388,FJ839870,FJ839870.1,"Hepatitis C virus isolate QC274, complete genome.",Orthohepacivirus hominis,Orthohepacivirus hominis Viruses; Riboviria; Orthornavirae; Kitrinoviricota; Flasuviricetes; Amarillovirales; Flaviviridae; Orthohepacivirus.,9378,subtype_files/FJ839870.gb,,,taxon:3052230,Canada,Homo sapiens (African immigrant),QC274,serum,genomic RNA,genotype: 4l,Orthohepacivirus hominis,,,
FJ462433,4m,1..9425,FJ462433,FJ462433.1,"Hepatitis C virus isolate QC249, complete genome.",Orthohepacivirus hominis,Orthohepacivirus hominis Viruses; Riboviria; Orthornavirae; Kitrinoviricota; Flasuviricetes; Amarillovirales; Flaviviridae; Orthohepacivirus.,9386,subtype_files/FJ462433.gb,,,taxon:3052230,Canada: Quebec,Homo sapiens,QC249,serum sample of African immigrant,genomic RNA,genotype: 4m,Orthohepacivirus hominis,,,
FJ462441,4n,1..9435,FJ462441,FJ462441.1,"Hepatitis C virus isolate QC97, complete genome.",Orthohepacivirus hominis,Orthohepacivirus hominis Viruses; Riboviria; Orthornavirae; Kitrinoviricota; Flasuviricetes; Amarillovirales; Flaviviridae; Orthohepacivirus.,9405,subtype_files/FJ462441.gb,,,taxon:3052230,Canada: Quebec,Homo sapiens,QC97,serum sample of African immigrant,genomic RNA,genotype: 4n,Orthohepacivirus hominis,,,
FJ462440,4o,1..9422,FJ462440,FJ462440.1,"Hepatitis C virus isolate QC93, complete genome.",Orthohepacivirus hominis,Orthohepacivirus hominis Viruses; Riboviria; Orthornavirae; Kitrinoviricota; Flasuviricetes; Amarillovirales; Flaviviridae; Orthohepacivirus.,9390,subtype_files/FJ462440.gb,,,taxon:3052230,Canada: Quebec,Homo sapiens,QC93,serum sample of African immigrant,genomic RNA,genotype: 4o,Orthohepacivirus hominis,,,
FJ462431,4p,1..9475,FJ462431,FJ462431.1,"Hepatitis C virus isolate QC139, complete genome.",Orthohepacivirus hominis,Orthohepacivirus hominis Viruses; Riboviria; Orthornavirae; Kitrinoviricota; Flasuviricetes; Amarillovirales; Flaviviridae; Orthohepacivirus.,9469,subtype_files/FJ462431.gb,,,taxon:3052230,Canada: Quebec,Homo sapiens,QC139,serum sample of African immigrant,genomic RNA,genotype: 4p,Orthohepacivirus hominis,,,
FJ462434,4q,1..9433,FJ462434,FJ462434.1,"Hepatitis C virus isolate QC262, complete genome.",Orthohepacivirus hominis,Orthohepacivirus hominis Viruses; Riboviria; Orthornavirae; Kitrinoviricota; Flasuviricetes; Amarillovirales; Flaviviridae; Orthohepacivirus.,9401,subtype_files/FJ462434.gb,,,taxon:3052230,Canada: Quebec,Homo sapiens,QC262,serum sample of African immigrant,genomic RNA,genotype: 4q,Orthohepacivirus hominis,,,
FJ462439,4r,1..9440,FJ462439,FJ462439.1,"Hepatitis C virus isolate QC384, complete genome.",Orthohepacivirus hominis,Orthohepacivirus hominis Viruses; Riboviria; Orthornavirae; Kitrinoviricota; Flasuviricetes; Amarillovirales; Flaviviridae; Orthohepacivirus.,9392,subtype_files/FJ462439.gb,,,taxon:3052230,Canada: Quebec,Homo sapiens,QC384,serum sample of African immigrant,genomic RNA,genotype: 4r,Orthohepacivirus hominis,,,
JF735136,4s,1..9426,JF735136,JF735136.1,"Hepatitis C virus isolate QC361, complete genome.",Orthohepacivirus hominis,Orthohepacivirus hominis Viruses; Riboviria; Orthornavirae; Kitrinoviricota; Flasuviricetes; Amarillovirales; Flaviviridae; Orthohepacivirus.,9394,subtype_files/JF735136.gb,,,taxon:3052230,Canada,Homo sapiens,QC361,serum from a patient infected with HCV,genomic RNA,genotype: 4,Orthohepacivirus hominis,,,
FJ839869,4t,1..9488,FJ839869,FJ839869.1,"Hepatitis C virus isolate QC155, complete genome.",Orthohepacivirus hominis,Orthohepacivirus hominis Viruses; Riboviria; Orthornavirae; Kitrinoviricota; Flasuviricetes; Amarillovirales; Flaviviridae; Orthohepacivirus.,9475,subtype_files/FJ839869.gb,,,taxon:3052230,Canada,Homo sapiens (African immigrant),QC155,serum,genomic RNA,genotype: 4t,Orthohepacivirus hominis,,,
HQ537009,4v,1..9177,HQ537009,HQ537009.1,"Hepatitis C virus isolate CYHCV073 polyprotein gene, partial cds.",Orthohepacivirus hominis,Orthohepacivirus hominis Viruses; Riboviria; Orthornavirae; Kitrinoviricota; Flasuviricetes; Amarillovirales; Flaviviridae; Orthohepacivirus.,9172,subtype_files/HQ537009.gb,,13-Feb-2006,taxon:3052230,Cyprus,Homo sapiens,CYHCV073,,genomic RNA,genotype: 4,Orthohepacivirus hominis,,,
JX227959,4v,1..9323,JX227959,JX227959.1,"Hepatitis C virus subtype 4v isolate HCV-4v/GB/BID-G1248, complete genome.",Hepatitis C virus subtype 4v,Hepatitis C virus subtype 4v Viruses; Riboviria; Orthornavirae; Kitrinoviricota; Flasuviricetes; Amarillovirales; Flaviviridae; Orthohepacivirus; Orthohepacivirus hominis.,9323,subtype_files/JX227959.gb,,,taxon:1208062,United Kingdom,Homo sapiens,HCV-4v/GB/BID-G1248,plasma,genomic RNA,,Hepatitis C virus subtype 4v,,,
FJ025855,4w,1..9242,FJ025855,FJ025855.1,"Hepatitis C virus strain P212 polyprotein gene, complete cds.",Orthohepacivirus hominis,Orthohepacivirus hominis Viruses; Riboviria; Orthornavirae; Kitrinoviricota; Flasuviricetes; Amarillovirales; Flaviviridae; Orthohepacivirus.,9153,subtype_files/FJ025855.gb,,,taxon:3052230,Portugal,,,plasma,genomic RNA,subtype: 4b,Orthohepacivirus hominis,,P212,
FJ025856,4w,1..9271,FJ025856,FJ025856.1,"Hepatitis C virus strain P245 polyprotein gene, complete cds.",Orthohepacivirus hominis,Orthohepacivirus hominis Viruses; Riboviria; Orthornavirae; Kitrinoviricota; Flasuviricetes; Amarillovirales; Flaviviridae; Orthohepacivirus.,9231,subtype_files/FJ025856.gb,,,taxon:3052230,Portugal,,,plasma,genomic RNA,subtype: 4b,Orthohepacivirus hominis,,P245,
Y13184,5a,1..9343,Y13184,Y13184.1,Hepatitis C virus genotype 5a RNA for HCV polyprotein.,Hepatitis C virus (isolate EUH1480),Hepatitis C virus (isolate EUH1480) Viruses; Riboviria; Orthornavirae; Kitrinoviricota; Flasuviricetes; Amarillovirales; Flaviviridae; Orthohepacivirus; Orthohepacivirus hominis.,9343,subtype_files/Y13184.gb,,,taxon:356419,,,,,genomic RNA,Hepatitis C virus subtype 5a,Hepatitis C virus (isolate EUH1480),,EUH1480,
AF064490,5a,1..9408,AF064490,AF064490.1,"Hepatitis C virus (isolate SA13) polyprotein gene, complete cds.",Hepatitis C virus SA13,Hepatitis C virus SA13 Viruses; Riboviria; Orthornavirae; Kitrinoviricota; Flasuviricetes; Amarillovirales; Flaviviridae; Orthohepacivirus; Orthohepacivirus hominis.,9403,subtype_files/AF064490.gb,,,taxon:356390,,,,,genomic RNA,genotype: 5a,Hepatitis C virus SA13,,SA13,
PQ899568,5b,1..9481,PQ899568,PQ899568.1,"Orthohepacivirus hominis isolate QC757 polyprotein (POLY) gene, complete cds.",Orthohepacivirus hominis,Orthohepacivirus hominis Viruses; Riboviria; Orthornavirae; Kitrinoviricota; Flasuviricetes; Amarillovirales; Flaviviridae; Orthohepacivirus.,9468,subtype_files/PQ899568.gb,,2014,taxon:3052230,Canada: Quebec,Homo sapiens,QC757,plasma,genomic RNA,emigrant from West Africa; genotype: 5; subtype 5b,Orthohepacivirus hominis,,,
Y12083,6a,1..9340,Y12083,Y12083.1,Hepatitis C virus genotype 6a RNA for HCV polyprotein.,Hepatitis C virus (isolate EUHK2),Hepatitis C virus (isolate EUHK2) Viruses; Riboviria; Orthornavirae; Kitrinoviricota; Flasuviricetes; Amarillovirales; Flaviviridae; Orthohepacivirus; Orthohepacivirus hominis.,9340,subtype_files/Y12083.gb,,,taxon:356420,,,,,genomic RNA,,Hepatitis C virus (isolate EUHK2),,euhk2,
AY859526,6a,1..9355,AY859526,AY859526.1,"Hepatitis C virus (isolate 6a33), complete genome.",Hepatitis C virus (isolate 6a33),Hepatitis C virus (isolate 6a33) Viruses; Riboviria; Orthornavirae; Kitrinoviricota; Flasuviricetes; Amarillovirales; Flaviviridae; Orthohepacivirus; Orthohepacivirus hominis.,9354,subtype_files/AY859526.gb,,,taxon:356391,Hong Kong,,,patient resistant to IFN combo treatment,genomic RNA,genotype: 6a,Hepatitis C virus (isolate 6a33),,6a33,
D84262,6b,1..9628,D84262,D84262.2,"Hepatitis C virus (isolate Th580) genomic RNA, complete genome.",Hepatitis C virus (isolate Th580),Hepatitis C virus (isolate Th580) Viruses; Riboviria; Orthornavirae; Kitrinoviricota; Flasuviricetes; Amarillovirales; Flaviviridae; Orthohepacivirus; Orthohepacivirus hominis.,9628,subtype_files/D84262.gb,,,taxon:356421,,,Th580,,genomic RNA,,Hepatitis C virus (isolate Th580),,,
EF424629,6c,1..9459,EF424629,EF424629.1,"Hepatitis C virus subtype 6c isolate Th846, complete genome.",Hepatitis C virus subtype 6c,Hepatitis C virus subtype 6c Viruses; Riboviria; Orthornavirae; Kitrinoviricota; Flasuviricetes; Amarillovirales; Flaviviridae; Orthohepacivirus; Orthohepacivirus hominis.,9434,subtype_files/EF424629.gb,,,taxon:438880,Thailand,,Th846,serum of a commercial blood donor,genomic RNA,genotype: 6c,Hepatitis C virus subtype 6c,,,
D84263,6d,1..9615,D84263,D84263.2,"Hepatitis C virus (isolate VN235) genomic RNA, complete genome.",Hepatitis C virus (isolate VN235),Hepatitis C virus (isolate VN235) Viruses; Riboviria; Orthornavirae; Kitrinoviricota; Flasuviricetes; Amarillovirales; Flaviviridae; Orthohepacivirus; Orthohepacivirus hominis.,9615,subtype_files/D84263.gb,,,taxon:356422,,,VN235,,genomic RNA,,Hepatitis C virus (isolate VN235),,,
DQ314805,6e,1..9468,DQ314805,DQ314805.1,"Hepatitis C virus subtype 6e isolate GX004, complete genome.",Hepatitis C virus subtype 6e,Hepatitis C virus subtype 6e Viruses; Riboviria; Orthornavirae; Kitrinoviricota; Flasuviricetes; Amarillovirales; Flaviviridae; Orthohepacivirus; Orthohepacivirus hominis.,9454,subtype_files/DQ314805.gb,,,taxon:413255,China: Guangxi,,GX004,serum of an injection drug user coinfected with HIV,genomic RNA,genotype: 6e,Hepatitis C virus subtype 6e,,,
DQ835760,6f,1..9454,DQ835760,DQ835760.1,"Hepatitis C virus subtype 6f isolate C-0044, complete genome.",Hepatitis C virus subtype 6f,Hepatitis C virus subtype 6f Viruses; Riboviria; Orthornavirae; Kitrinoviricota; Flasuviricetes; Amarillovirales; Flaviviridae; Orthohepacivirus; Orthohepacivirus hominis.,9442,subtype_files/DQ835760.gb,,,taxon:467354,Thailand,,C-0044,"serum of the wife of a Thai blood donor, C-0046",genomic RNA,genotype: 6f,Hepatitis C virus subtype 6f,,,
D63822,6g,1..9461,HPCJK046E2,D63822.1,"Hepatitis C virus (isolate JK046) genomic RNA, complete genome.",Hepatitis C virus (isolate JK046),Hepatitis C virus (isolate JK046) Viruses; Riboviria; Orthornavirae; Kitrinoviricota; Flasuviricetes; Amarillovirales; Flaviviridae; Orthohepacivirus; Orthohepacivirus hominis.,9461,subtype_files/D63822.gb,,,taxon:356423,,,JK046,,genomic RNA,,Hepatitis C virus (isolate JK046),,,
D84265,6h,1..9621,D84265,D84265.2,"Hepatitis C virus (isolate VN004) genomic RNA, complete genome.",Hepatitis C virus (isolate VN004),Hepatitis C virus (isolate VN004) Viruses; Riboviria; Orthornavirae; Kitrinoviricota; Flasuviricetes; Amarillovirales; Flaviviridae; Orthohepacivirus; Orthohepacivirus hominis.,9621,subtype_files/D84265.gb,,,taxon:356424,,,VN004,,genomic RNA,,Hepatitis C virus (isolate VN004),,,
DQ835770,6i,1..9447,DQ835770,DQ835770.1,"Hepatitis C virus subtype 6i isolate Th602, complete genome.",Hepatitis C virus subtype 6i,Hepatitis C virus subtype 6i Viruses; Riboviria; Orthornavirae; Kitrinoviricota; Flasuviricetes; Amarillovirales; Flaviviridae; Orthohepacivirus; Orthohepacivirus hominis.,9403,subtype_files/DQ835770.gb,,,taxon:467337,Thailand,,Th602,serum of a Thai patient with hepatitis C,genomic RNA,genotype: 6i,Hepatitis C virus subtype 6i,,,
DQ835769,6j,1..9454,DQ835769,DQ835769.1,"Hepatitis C virus subtype 6j isolate Th553, complete genome.",Hepatitis C virus subtype 6j,Hepatitis C virus subtype 6j Viruses; Riboviria; Orthornavirae; Kitrinoviricota; Flasuviricetes; Amarillovirales; Flaviviridae; Orthohepacivirus; Orthohepacivirus hominis.,9407,subtype_files/DQ835769.gb,,,taxon:467338,Thailand,,Th553,serum of a Thai patient with hepatitis C,genomic RNA,genotype: 6j,Hepatitis C virus subtype 6j,,,
D84264,6k,1..9601,D84264,D84264.2,"Hepatitis C virus (isolate VN405) genomic RNA, complete genome.",Hepatitis C virus (isolate VN405),Hepatitis C virus (isolate VN405) Viruses; Riboviria; Orthornavirae; Kitrinoviricota; Flasuviricetes; Amarillovirales; Flaviviridae; Orthohepacivirus; Orthohepacivirus hominis.,9601,subtype_files/D84264.gb,,,taxon:356425,,,VN405,,genomic RNA,,Hepatitis C virus (isolate VN405),,,
EF424628,6l,1..9453,EF424628,EF424628.1,"Hepatitis C virus subtype 6l isolate 537796, complete genome.",Hepatitis C virus subtype 6l,Hepatitis C virus subtype 6l Viruses; Riboviria; Orthornavirae; Kitrinoviricota; Flasuviricetes; Amarillovirales; Flaviviridae; Orthohepacivirus; Orthohepacivirus hominis.,9393,subtype_files/EF424628.gb,,,taxon:413256,USA,,537796,serum of an Asian immigrant,genomic RNA,genotype: 6l,Hepatitis C virus subtype 6l,,,
DQ835767,6m,1..9444,DQ835767,DQ835767.1,"Hepatitis C virus subtype 6m isolate B4/92, complete genome.",Hepatitis C virus subtype 6m,Hepatitis C virus subtype 6m Viruses; Riboviria; Orthornavirae; Kitrinoviricota; Flasuviricetes; Amarillovirales; Flaviviridae; Orthohepacivirus; Orthohepacivirus hominis.,9376,subtype_files/DQ835767.gb,,,taxon:378507,Thailand,,B4/92,"serum of a Thai blood donor, B4/92",genomic RNA,genotype: 6m,Hepatitis C virus subtype 6m,,,
DQ278894,6n,1..9441,DQ278894,DQ278894.1,"Hepatitis C virus subtype 6n isolate KM42, complete genome.",Hepatitis C virus subtype 6n,Hepatitis C virus subtype 6n Viruses; Riboviria; Orthornavirae; Kitrinoviricota; Flasuviricetes; Amarillovirales; Flaviviridae; Orthohepacivirus; Orthohepacivirus hominis.,9426,subtype_files/DQ278894.gb,,,taxon:378506,China: Kunming,,KM42,serum from a patient with chronic hepatitis,genomic RNA,genotype: 6n,Hepatitis C virus subtype 6n,,,
DQ835768,6n,1..9447,DQ835768,DQ835768.1,"Hepatitis C virus subtype 6n isolate D86/93, complete genome.",Hepatitis C virus subtype 6n,Hepatitis C virus subtype 6n Viruses; Riboviria; Orthornavirae; Kitrinoviricota; Flasuviricetes; Amarillovirales; Flaviviridae; Orthohepacivirus; Orthohepacivirus hominis.,9445,subtype_files/DQ835768.gb,,,taxon:378506,Thailand,,D86/93,serum of a Thai injection drug user,genomic RNA,genotype: 6n,Hepatitis C virus subtype 6n,,,
EF424627,6o,1..9450,EF424627,EF424627.1,"Hepatitis C virus subtype 6o isolate QC227, complete genome.",Hepatitis C virus subtype 6o,Hepatitis C virus subtype 6o Viruses; Riboviria; Orthornavirae; Kitrinoviricota; Flasuviricetes; Amarillovirales; Flaviviridae; Orthohepacivirus; Orthohepacivirus hominis.,9388,subtype_files/EF424627.gb,,,taxon:413257,Canada,,QC227,serum of Caucasian with post-transfusional hepatitis,genomic RNA,genotype: 6o,Hepatitis C virus subtype 6o,,,
EF424626,6p,1..9453,EF424626,EF424626.1,"Hepatitis C virus subtype 6p isolate QC216, complete genome.",Hepatitis C virus subtype 6p,Hepatitis C virus subtype 6p Viruses; Riboviria; Orthornavirae; Kitrinoviricota; Flasuviricetes; Amarillovirales; Flaviviridae; Orthohepacivirus; Orthohepacivirus hominis.,9414,subtype_files/EF424626.gb,,,taxon:438881,Canada,,QC216,serum of a Vietnamese immigrant,genomic RNA,genotype: 6p,Hepatitis C virus subtype 6p,,,
EF424625,6q,1..9463,EF424625,EF424625.1,"Hepatitis C virus subtype 6q isolate QC99, complete genome.",Hepatitis C virus subtype 6q,Hepatitis C virus subtype 6q Viruses; Riboviria; Orthornavirae; Kitrinoviricota; Flasuviricetes; Amarillovirales; Flaviviridae; Orthohepacivirus; Orthohepacivirus hominis.,9299,subtype_files/EF424625.gb,,,taxon:467339,Canada,,QC99,serum of a Cambodian immigrant,genomic RNA,genotype: 6q,Hepatitis C virus subtype 6q,,,
EU408328,6r,1..9449,EU408328,EU408328.1,"Hepatitis C virus isolate QC245 polyprotein precursor, gene, complete cds.",Orthohepacivirus hominis,Orthohepacivirus hominis Viruses; Riboviria; Orthornavirae; Kitrinoviricota; Flasuviricetes; Amarillovirales; Flaviviridae; Orthohepacivirus.,9436,subtype_files/EU408328.gb,,,taxon:3052230,Canada,,QC245,serum of an Asian immigrant,genomic RNA,genotype: 6r,Orthohepacivirus hominis,,,
EU408329,6s,1..9473,EU408329,EU408329.1,"Hepatitis C virus isolate QC66 polyprotein precursor, gene, complete cds.",Orthohepacivirus hominis,Orthohepacivirus hominis Viruses; Riboviria; Orthornavirae; Kitrinoviricota; Flasuviricetes; Amarillovirales; Flaviviridae; Orthohepacivirus.,9431,subtype_files/EU408329.gb,,,taxon:3052230,Canada,,QC66,serum of an Asian immigrant,genomic RNA,genotype: 6s,Orthohepacivirus hominis,,,
EF632071,6t,1..9406,EF632071,EF632071.1,"Hepatitis C virus isolate VT21, complete genome.",Orthohepacivirus hominis,Orthohepacivirus hominis Viruses; Riboviria; Orthornavirae; Kitrinoviricota; Flasuviricetes; Amarillovirales; Flaviviridae; Orthohepacivirus.,9382,subtype_files/EF632071.gb,,,taxon:3052230,Viet Nam,,VT21,serum sample of an HCV carrier with AIDS and tuberculosis,genomic RNA,genotype: 6t,Orthohepacivirus hominis,,,
EU246939,6t,1..9364,EU246939,EU246939.1,"Hepatitis C virus strain D49 polyprotein gene, complete cds.",Orthohepacivirus hominis,Orthohepacivirus hominis Viruses; Riboviria; Orthornavirae; Kitrinoviricota; Flasuviricetes; Amarillovirales; Flaviviridae; Orthohepacivirus.,9342,subtype_files/EU246939.gb,,,taxon:3052230,Viet Nam: Ho Chi Minh City,,,blood donor serum,genomic RNA,genotype: 6,Orthohepacivirus hominis,,D49,
EU246940,6u,1..9367,EU246940,EU246940.1,"Hepatitis C virus strain D83 polyprotein gene, complete cds.",Orthohepacivirus hominis,Orthohepacivirus hominis Viruses; Riboviria; Orthornavirae; Kitrinoviricota; Flasuviricetes; Amarillovirales; Flaviviridae; Orthohepacivirus.,9364,subtype_files/EU246940.gb,,,taxon:3052230,Viet Nam: Ho Chi Minh City,,,blood donor serum,genomic RNA,genotype: 6,Orthohepacivirus hominis,,D83,
EU158186,6v,1..9429,EU158186,EU158186.1,"Hepatitis C virus isolate NK46, complete genome.",Orthohepacivirus hominis,Orthohepacivirus hominis Viruses; Riboviria; Orthornavirae; Kitrinoviricota; Flasuviricetes; Amarillovirales; Flaviviridae; Orthohepacivirus.,9427,subtype_files/EU158186.gb,NK46-1; NK46-2; NK46-3; NK46-4,Aug-2004,taxon:3052230,China,,NK46,serum from female,genomic RNA,subtype: 6v,Orthohepacivirus hominis,,,
EU798760,6v,1..9461,EU798760,EU798760.1,"Hepatitis C virus subtype 6v isolate KMN-02 polyprotein precursor, gene, complete cds.",Hepatitis C virus subtype 6v,Hepatitis C virus subtype 6v Viruses; Riboviria; Orthornavirae; Kitrinoviricota; Flasuviricetes; Amarillovirales; Flaviviridae; Orthohepacivirus; Orthohepacivirus hominis.,9413,subtype_files/EU798760.gb,,,taxon:569610,China,,KMN-02,serum of a voluntary blood donor,genomic RNA,subtype: 6v,Hepatitis C virus subtype 6v,,,
DQ278892,6w,1..9448,DQ278892,DQ278892.1,"Hepatitis C virus isolate GZ52557, complete genome.",Orthohepacivirus hominis,Orthohepacivirus hominis Viruses; Riboviria; Orthornavirae; Kitrinoviricota; Flasuviricetes; Amarillovirales; Flaviviridae; Orthohepacivirus.,9444,subtype_files/DQ278892.gb,,,taxon:3052230,China: Guangzhou,,GZ52557,serum sample from patient with chronic hepatitis,genomic RNA,unassigned novel subtype of genotype 6,Orthohepacivirus hominis,,,
EU643834,6w,1..9147,EU643834,EU643834.1,"Hepatitis C virus isolate HCV-6-D140 polyprotein gene, complete cds.",Orthohepacivirus hominis,Orthohepacivirus hominis Viruses; Riboviria; Orthornavirae; Kitrinoviricota; Flasuviricetes; Amarillovirales; Flaviviridae; Orthohepacivirus.,9147,subtype_files/EU643834.gb,,,taxon:3052230,Taiwan,,HCV-6-D140,,genomic RNA,subtype: 6,Orthohepacivirus hominis,,,
EU408330,6xa,1..9451,EU408330,EU408330.1,"Hepatitis C virus isolate DH012 polyprotein precursor, gene, complete cds.",Orthohepacivirus hominis,Orthohepacivirus hominis Viruses; Riboviria; Orthornavirae; Kitrinoviricota; Flasuviricetes; Amarillovirales; Flaviviridae; Orthohepacivirus.,9437,subtype_files/EU408330.gb,,,taxon:3052230,China,,DH012,serum of a patient coinfected with HCV and HIV-1,genomic RNA,genotype: 6u,Orthohepacivirus hominis,,,
EU408332,6xa,1..9443,EU408332,EU408332.1,"Hepatitis C virus isolate DH028 polyprotein precursor, gene, complete cds.",Orthohepacivirus hominis,Orthohepacivirus hominis Viruses; Riboviria; Orthornavirae; Kitrinoviricota; Flasuviricetes; Amarillovirales; Flaviviridae; Orthohepacivirus.,9397,subtype_files/EU408332.gb,,,taxon:3052230,China,,DH028,serum of a patient coinfected with HCV and HIV-1,genomic RNA,genotype: 6u,Orthohepacivirus hominis,,,
JX183552,6xb,1..9533,JX183552,JX183552.1,"Hepatitis C virus isolate TV476, complete genome.",Orthohepacivirus hominis,Orthohepacivirus hominis Viruses; Riboviria; Orthornavirae; Kitrinoviricota; Flasuviricetes; Amarillovirales; Flaviviridae; Orthohepacivirus.,9469,subtype_files/JX183552.gb,,,taxon:3052230,Viet Nam: Ho Chi Minh City,Homo sapiens,TV476,blood donor,genomic RNA,genotype: 6k-related,Orthohepacivirus hominis,,,
KJ567645,6xb,1..9401,KJ567645,KJ567645.1,"Hepatitis C virus isolate 6_VN110, complete genome.",Orthohepacivirus hominis,Orthohepacivirus hominis Viruses; Riboviria; Orthornavirae; Kitrinoviricota; Flasuviricetes; Amarillovirales; Flaviviridae; Orthohepacivirus.,9390,subtype_files/KJ567645.gb,,,taxon:3052230,Viet Nam,Homo sapiens,6_VN110,,genomic RNA,subtype: 6xb; genotype: 6,Orthohepacivirus hominis,,,
KJ567651,6xc,1..9442,KJ567651,KJ567651.1,"Hepatitis C virus isolate 6_TV520, complete genome.",Orthohepacivirus hominis,Orthohepacivirus hominis Viruses; Riboviria; Orthornavirae; Kitrinoviricota; Flasuviricetes; Amarillovirales; Flaviviridae; Orthohepacivirus.,9412,subtype_files/KJ567651.gb,,,taxon:3052230,Viet Nam,Homo sapiens,6_TV520,,genomic RNA,subtype: 6xc; genotype: 6,Orthohepacivirus hominis,,,
KM252789,6xd,1..9432,KM252789,KM252789.1,"Hepatitis C virus isolate L23 polyprotein gene, complete cds.",Orthohepacivirus hominis,Orthohepacivirus hominis Viruses; Riboviria; Orthornavirae; Kitrinoviricota; Flasuviricetes; Amarillovirales; Flaviviridae; Orthohepacivirus.,9386,subtype_files/KM252789.gb,,,taxon:3052230,Laos,Homo sapiens,L23,,genomic RNA,genotype: 6xd,Orthohepacivirus hominis,,,
KM252790,6xd,1..9435,KM252790,KM252790.1,"Hepatitis C virus isolate L347 polyprotein gene, complete cds.",Orthohepacivirus hominis,Orthohepacivirus hominis Viruses; Riboviria; Orthornavirae; Kitrinoviricota; Flasuviricetes; Amarillovirales; Flaviviridae; Orthohepacivirus.,9411,subtype_files/KM252790.gb,,,taxon:3052230,Laos,Homo sapiens,L347,,genomic RNA,genotype: 6xd,Orthohepacivirus hominis,,,
JX183557,6xe,1..9460,JX183557,JX183557.1,"Hepatitis C virus isolate DH027, complete genome.",Orthohepacivirus hominis,Orthohepacivirus hominis Viruses; Riboviria; Orthornavirae; Kitrinoviricota; Flasuviricetes; Amarillovirales; Flaviviridae; Orthohepacivirus.,9454,subtype_files/JX183557.gb,,,taxon:3052230,"China: Dehong City, Yunnan",Homo sapiens,DH027,IDU,genomic RNA,genotype: intermediate between subtypes 6m and 6n,Orthohepacivirus hominis,,,
KM252792,6xe,1..9401,KM252792,KM252792.1,"Hepatitis C virus isolate km98 polyprotein gene, complete cds.",Orthohepacivirus hominis,Orthohepacivirus hominis Viruses; Riboviria; Orthornavirae; Kitrinoviricota; Flasuviricetes; Amarillovirales; Flaviviridae; Orthohepacivirus.,9397,subtype_files/KM252792.gb,,,taxon:3052230,China,Homo sapiens,km98,,genomic RNA,genotype: 6xe,Orthohepacivirus hominis,,,
KJ567647,6xf,1..9421,KJ567647,KJ567647.1,"Hepatitis C virus isolate 6_VN214, complete genome.",Orthohepacivirus hominis,Orthohepacivirus hominis Viruses; Riboviria; Orthornavirae; Kitrinoviricota; Flasuviricetes; Amarillovirales; Flaviviridae; Orthohepacivirus.,9404,subtype_files/KJ567647.gb,,,taxon:3052230,Viet Nam,Homo sapiens,6_VN214,,genomic RNA,unclassified genotype 6 variant; genotype: 6,Orthohepacivirus hominis,,,
KJ567646,6xf,1..9428,KJ567646,KJ567646.1,"Hepatitis C virus isolate 6_TV469, complete genome.",Orthohepacivirus hominis,Orthohepacivirus hominis Viruses; Riboviria; Orthornavirae; Kitrinoviricota; Flasuviricetes; Amarillovirales; Flaviviridae; Orthohepacivirus.,9413,subtype_files/KJ567646.gb,,,taxon:3052230,Viet Nam,Homo sapiens,6_TV469,,genomic RNA,unclassified genotype 6 variant; genotype: 6,Orthohepacivirus hominis,,,
MH492360,6xg,1..9318,MH492360,MH492360.1,"Orthohepacivirus hominis isolate KS27 polyprotein gene, partial cds.",Orthohepacivirus hominis,Orthohepacivirus hominis Viruses; Riboviria; Orthornavirae; Kitrinoviricota; Flasuviricetes; Amarillovirales; Flaviviridae; Orthohepacivirus.,9305,subtype_files/MH492360.gb,,2014,taxon:3052230,Myanmar,Homo sapiens,KS27,,genomic RNA,subtype: 6xg,Orthohepacivirus hominis,,,
MH492361,6xg,1..9318,MH492361,MH492361.1,"Orthohepacivirus hominis isolate KS81 polyprotein gene, partial cds.",Orthohepacivirus hominis,Orthohepacivirus hominis Viruses; Riboviria; Orthornavirae; Kitrinoviricota; Flasuviricetes; Amarillovirales; Flaviviridae; Orthohepacivirus.,9300,subtype_files/MH492361.gb,,2014,taxon:3052230,Myanmar,Homo sapiens,KS81,,genomic RNA,subtype: 6xg,Orthohepacivirus hominis,,,
MG879000,6xh,1..9057,MG879000,MG879000.1,"Orthohepacivirus hominis isolate 1350-1 polyprotein gene, complete cds.",Orthohepacivirus hominis,Orthohepacivirus hominis Viruses; Riboviria; Orthornavirae; Kitrinoviricota; Flasuviricetes; Amarillovirales; Flaviviridae; Orthohepacivirus.,9031,subtype_files/MG879000.gb,,2014,taxon:3052230,China,Homo sapiens,1350-1,,genomic RNA,,Orthohepacivirus hominis,,,
JX183549,6xi,1..9448,JX183549,JX183549.1,"Hepatitis C virus isolate KM35, complete genome.",Orthohepacivirus hominis,Orthohepacivirus hominis Viruses; Riboviria; Orthornavirae; Kitrinoviricota; Flasuviricetes; Amarillovirales; Flaviviridae; Orthohepacivirus.,9434,subtype_files/JX183549.gb,,,taxon:3052230,"China: Kunming, Yunnan",Homo sapiens,KM35,patient serum,genomic RNA,genotype: 6k-related,Orthohepacivirus hominis,,,
MZ504973,6xi,1..9361,MZ504973,MZ504973.1,"Orthohepacivirus hominis isolate YNKH261 polyprotein gene, complete cds.",Orthohepacivirus hominis,Orthohepacivirus hominis Viruses; Riboviria; Orthornavirae; Kitrinoviricota; Flasuviricetes; Amarillovirales; Flaviviridae; Orthohepacivirus.,9361,subtype_files/MZ504973.gb,,2018,taxon:3052230,China: Yunnan,Homo sapiens,YNKH261,plasma,genomic RNA,subtype: 6xi,Orthohepacivirus hominis,,,
DQ278891,6xj,1..9440,DQ278891,DQ278891.1,"Hepatitis C virus subtype 6k isolate KM45, complete genome.",Hepatitis C virus subtype 6k,Hepatitis C virus subtype 6k Viruses; Riboviria; Orthornavirae; Kitrinoviricota; Flasuviricetes; Amarillovirales; Flaviviridae; Orthohepacivirus; Orthohepacivirus hominis.,9432,subtype_files/DQ278891.gb,,,taxon:356469,China: Kunming,,KM45,serum from a patient with chronic hepatitis,genomic RNA,genotype: 6k,Hepatitis C virus subtype 6k,,,
MZ171127,6xj,1..9393,MZ171127,MZ171127.1,"Orthohepacivirus hominis isolate YNKH298a polyprotein gene, complete cds.",Orthohepacivirus hominis,Orthohepacivirus hominis Viruses; Riboviria; Orthornavirae; Kitrinoviricota; Flasuviricetes; Amarillovirales; Flaviviridae; Orthohepacivirus.,9393,subtype_files/MZ171127.gb,,2018,taxon:3052230,China: Yunnan,Homo sapiens,YNKH298a,plasma,genomic RNA,subtype: 6xj,Orthohepacivirus hominis,,,
EF108306,7a,1..9443,EF108306,EF108306.2,"Hepatitis C virus QC69 subtype 7a, complete genome.",Hepatitis C virus QC69,Hepatitis C virus QC69 Viruses; Riboviria; Orthornavirae; Kitrinoviricota; Flasuviricetes; Amarillovirales; Flaviviridae; Orthohepacivirus; Orthohepacivirus hominis.,9431,subtype_files/EF108306.gb,,,taxon:1544902,Canada,Homo sapiens,QC69,plasma,genomic RNA,emigrant from the Democratic Republic of Congo; subtype: 7a,Hepatitis C virus QC69,,,
KX092342,7b,1..9382,KX092342,KX092342.1,"Orthohepacivirus hominis isolate BAK1 polyprotein gene, partial cds.",Orthohepacivirus hominis,Orthohepacivirus hominis Viruses; Riboviria; Orthornavirae; Kitrinoviricota; Flasuviricetes; Amarillovirales; Flaviviridae; Orthohepacivirus.,9291,subtype_files/KX092342.gb,,Jan-2010,taxon:3052230,France,Homo sapiens,BAK1,,genomic RNA,,Orthohepacivirus hominis,7b,,
MH590698,8a,1..9409,MH590698,MH590698.1,"Orthohepacivirus hominis isolate GT8-1 polyprotein gene, complete cds.",Orthohepacivirus hominis,Orthohepacivirus hominis Viruses; Riboviria; Orthornavirae; Kitrinoviricota; Flasuviricetes; Amarillovirales; Flaviviridae; Orthohepacivirus.,9409,subtype_files/MH590698.gb,,14-Mar-2016,taxon:3052230,Canada,Homo sapiens,GT8-1,plasma,genomic RNA,genotype: 8,Orthohepacivirus hominis,,,
