name,species_name,reference_accessions
Aichi virus 1,Kobuvirus aichi,NC_001918.1
Akhmeta virus,Orthopoxvirus akhmetapox,NC_055230.1
Alenquer virus,Phlebovirus alenquerense,NC_055330.1;NC_055331.1;NC_055332.1
Anelloviridae sp.,Anelloviridae sp.,NC_075369.1;NC_075370.1;NC_075371.1;NC_075372.1;NC_075373.1;NC_075374.1;NC_075375.1;NC_075376.1;NC_075377.1;NC_075378.1;NC_075379.1;NC_075380.1;NC_075447.1
Astrovirus MLB2,Astrovirus MLB2,NC_016155.1
Astrovirus MLB3,Astrovirus MLB3,NC_019028.1
Astrovirus VA1,Mamastrovirus virginiaense,NC_013060.1
Astrovirus VA3,Astrovirus VA3,NC_019026.1
Astrovirus VA4,Astrovirus VA4,NC_019027.1
Bacteriophage sp.,Bacteriophage sp.,NC_134744.1;NC_134821.1;NC_134822.1;NC_134823.1;NC_134824.1
Bastrovirus 7,Bastrovirus BAS-1,NC_035758.1
Beiji nairovirus,Norwavirus beijiense,NC_079009.1;NC_079010.1
Betacoronavirus England 1,Betacoronavirus cameli,NC_038294.1
Bocaparvovirus primate1,Bocaparvovirus primate1,NC_075120.1
Bufavirus-3,Bufavirus-3,NC_024888.1
Bundibugyo ebolavirus,Orthoebolavirus bundibugyoense,NC_014373.1
Catu virus,Orthobunyavirus catuense,NC_038726.1;NC_038727.1;NC_038728.1
Central cimpanzee simian foamy virus,Simiispumavirus pantrotro,NC_039024.1
Chandipura virus,Vesiculovirus chandipura,NC_020805.1
Chandiru virus,Phlebovirus candiruense,NC_015373.1;NC_015374.1;NC_015375.1
Circo-like virus-Brazil hs1,Circo-like virus-Brazil,NC_023888.1
Circular ssDNA virus sp.,Circular ssDNA virus sp.,NC_030449.1;NC_076626.1
Cocle virus,Phlebovirus cocleense,NC_078071.1;NC_078072.1;NC_078073.1
Cosavirus A,Cosavirus asiani,NC_012800.1
Cosavirus D,Cosavirus depakis,NC_012802.1
Cosavirus E,Cosavirus eaustrali,NC_012798.1
Cosavirus F,Cosavirus fepakis,NC_034385.1
Cosavirus JMY-2014,Cosavirus JMY-2014,NC_025961.1
Coxsackievirus B3,Enterovirus betacoxsackie,NC_038307.1
Cutavirus,Protoparvovirus primate3,NC_039050.1
Cyclovirus NG12,Cyclovirus mmadu,NC_038416.1
Cyclovirus NG14,Cyclovirus mutum,NC_038417.1
Cyclovirus PK5006,Cyclovirus insaan,NC_036877.1
Cyclovirus PK5034,Cyclovirus homa,NC_038415.1
Cyclovirus PK5222,Cyclovirus manukha,NC_038413.1
Cyclovirus PK5510,Cyclovirus maanav,NC_038412.1
Cyclovirus SL-108277,Cyclovirus manitan,NC_038418.1
Cyclovirus TN25,Cyclovirus bashri,NC_038414.1
Cyclovirus VN,Cyclovirus nhanloai,NC_039215.1
Dar es Salaam virus TZ-189,Tanzavirus daressalaamense,NC_078297.1;NC_078298.1;NC_078299.1
Eastern chimpanzee simian foamy virus,Simiispumavirus pantrosch,NC_039025.1
Echarate virus,Phlebovirus echarateense,NC_055339.1;NC_055340.1;NC_055341.1
Ekpoma virus 1,Tibrovirus alphaekpoma,NC_038282.1
Ekpoma virus 2,Tibrovirus betaekpoma,NC_038283.1
enterovirus A114,Enterovirus alphacoxsackie,NC_030454.1
European bat lyssavirus 2,Lyssavirus helsinki,NC_009528.2
Fort Sherman virus,Orthobunyavirus shermanense,NC_043615.1;NC_043616.1;NC_043617.1
Gammapapillomavirus sp.,Gammapapillomavirus sp.,NC_040550.1;NC_040619.1;NC_040620.1;NC_040688.1;NC_040691.1;NC_040803.1;NC_040804.1;NC_040805.1;NC_040806.1
Gemycircularvirus C1c,Gemykibivirus humas3,NC_038496.1
Gemycircularvirus HV-GcV1,Gemycircularvirus HV-GcV1,NC_030447.1
Gemycircularvirus HV-GcV2,Gemykibivirus humas5,NC_030448.1
Gemycircularvirus sp.,Gemycircularvirus sp.,NC_076496.1
Guaroa virus,Orthobunyavirus guaroaense,NC_034486.1;NC_034487.1;NC_034506.1
Guenon simian foamy virus,Simiispumavirus cernic,NC_043445.1
Gyrovirus 4,Gyrovirus homsa3,NC_018401.1
Gyrovirus GyV3,Gyrovirus homsa1,NC_017091.1
Gyrovirus Tu243,Gyrovirus homsa4,NC_022788.1
Gyrovirus Tu789,Gyrovirus homsa2,NC_022789.1
Heartland virus,Bandavirus heartlandense,NC_024494.1;NC_024495.1;NC_024496.1;NC_078062.1;NC_078063.1;NC_078064.1
Hepacivirus platyrrhini,Hepacivirus platyrrhini,NC_038426.1
Hepatitis C virus genotype 3,Hepacivirus hominis,NC_009824.1
Hepatitis C virus genotype 4,Hepacivirus hominis,NC_009825.1
Hepatitis C virus genotype 5,Hepacivirus hominis,NC_009826.1
Hepatitis C virus genotype 7,Hepacivirus hominis,NC_030791.1
HMO Astrovirus A,HMO Astrovirus A,NC_013443.1
Hudisavirus jaqis,Hudisavirus jaqis,NC_129209.1
Hudisavirus sp.,Hudisavirus sp.,NC_035475.1
Human alphaherpesvirus 2,Simplexvirus humanalpha2,NC_001798.2
Human alphaherpesvirus 3,Varicellovirus humanalpha3,NC_001348.1
Human associated cyclovirus 10,Cyclovirus humana,NC_023874.2
Human associated gemyvongvirus 1,Gemyvongvirus humas1,NC_028459.1
Human associated huchismacovirus 1,Huchismacovirus humas1,NC_039061.1
Human associated huchismacovirus 2,Huchismacovirus humas2,NC_039062.1
Human associated huchismacovirus 3,Huchismacovirus humas3,NC_039063.1
Human associated porprismacovirus,Inpeasmacovirus humas1,NC_076251.1
Human associated porprismacovirus 3,Porprismacovirus humas4,NC_076235.1
Human astrovirus BF34,Burkina Faso astrovirus,NC_024472.1
Human betaherpesvirus 5,Cytomegalovirus humanbeta5,NC_006273.2
Human betaherpesvirus 6A,Roseolovirus humanbeta6a,NC_001664.4
Human betaherpesvirus 6B,Roseolovirus humanbeta6b,NC_000898.1
Human betaherpesvirus 7,Roseolovirus humanbeta7,NC_001716.2
Human bocavirus 2c PK,Bocaparvovirus primate2,NC_012042.1
Human bocavirus 3,Bocaparvovirus primate1,NC_012564.1
Human bocavirus 4 NI,Bocaparvovirus primate2,NC_012729.2
Human circovirus 1,Circovirus human,NC_135454.1
Human circovirus VS6600022,Amaruvirus aka,NC_024694.1
Human coronavirus HKU1,Betacoronavirus hongkongense,NC_006577.2
Human cosavirus,Human cosavirus,NC_023984.1
Human cosavirus B,Cosavirus bepakis,NC_012801.1
Human cyclovirus VS5700009,Cyclovirus munthu,NC_021568.1
Human DNA virus,Human DNA virus,NC_040309.1
Human endogenous retrovirus K113,Human endogenous retrovirus K,NC_022518.1
Human erythrovirus V9,Human erythrovirus V9,NC_004295.1
Human fecal virus Jorvi2,Human fecal virus Jorvi2,NC_035212.1
Human fecal virus Jorvi3,Human fecal virus Jorvi3,NC_035213.1
Human fecal virus Jorvi4,Human fecal virus Jorvi4,NC_035211.1
Human feces pecovirus,Human feces pecovirus,NC_040306.1
Human feces smacovirus 2,Porprismacovirus humas1,NC_039070.1
Human feces smacovirus 3,Porprismacovirus humas3,NC_035474.1;NC_075341.1
Human gammaherpesvirus 4,Lymphocryptovirus humangamma4,NC_007605.1
Human gammaherpesvirus 8,Rhadinovirus humangamma8,NC_009333.1
Human gemycircularvirus GeTz1,Gemykibivirus humas4,NC_038497.1
Human genital-associated circular DNA virus-1,Gemygorvirus sewopo1,NC_026817.1
Human hepegivirus,Pegivirus columbiaense,NC_038436.1
Human herpesvirus 4 type 2,Lymphocryptovirus humangamma4,NC_009334.1
Human immunodeficiency virus 1,Lentivirus humimdef1,NC_001802.1
Human immunodeficiency virus 2,Lentivirus humimdef2,NC_001722.1
Human lung-associated vientovirus FB,Torbevirus viento,NC_055523.1
Human mastadenovirus A,Mastadenovirus adami,NC_001460.1
Human mastadenovirus B,Mastadenovirus blackbeardi,NC_011202.1;NC_011203.1
Human mastadenovirus C,Mastadenovirus caesari,NC_001405.1
Human mastadenovirus D,Mastadenovirus dominans,NC_010956.1
Human mastadenovirus F,Mastadenovirus faecale,NC_001454.1
Human papillomavirus,Human papillomavirus,NC_027779.1
Human papillomavirus 116,Gammapapillomavirus 9,NC_013035.1
Human papillomavirus 121,Gammapapillomavirus 10,NC_014185.1
Human papillomavirus 126,Gammapapillomavirus 11,NC_016157.1
Human papillomavirus 127,Gammapapillomavirus 12,NC_014469.1
Human papillomavirus 132,Gammapapillomavirus 12,NC_014955.1
Human papillomavirus 134,Gammapapillomavirus 7,NC_014956.1
Human papillomavirus 135,Gammapapillomavirus 15,NC_017993.1
Human papillomavirus 136,Gammapapillomavirus 11,NC_017994.1
Human papillomavirus 140,Gammapapillomavirus 11,NC_017996.1
Human papillomavirus 154,Gammapapillomavirus 11,NC_021483.1
human papillomavirus 163,Gammapapillomavirus 20,NC_028125.1
human papillomavirus 166,Gammapapillomavirus 19,NC_019023.1
Human papillomavirus 167,Gammapapillomavirus 21,NC_022892.1
Human papillomavirus 172,Gammapapillomavirus 22,NC_038523.1
Human papillomavirus 175,Gammapapillomavirus 23,NC_038524.1
Human papillomavirus 178,Gammapapillomavirus 24,NC_023891.1
Human papillomavirus 179,Gammapapillomavirus 15,NC_022095.1
Human papillomavirus 184,Gammapapillomavirus 25,NC_038914.1
Human papillomavirus 187,Gammapapillomavirus 26,NC_039086.1
Human papillomavirus 201,Gammapapillomavirus 27,NC_027528.1
Human papillomavirus 204,Mupapillomavirus 3,NC_038525.1
Human papillomavirus KC5,Human papillomavirus KC5,NC_026946.1
Human papillomavirus type 128,Gammapapillomavirus 13,NC_014952.1
Human papillomavirus type 129,Gammapapillomavirus 9,NC_014953.1
Human papillomavirus type 131,Gammapapillomavirus 14,NC_014954.1
Human papillomavirus type 137,Gammapapillomavirus 16,NC_017995.1
Human papillomavirus type 144,Gammapapillomavirus 17,NC_017997.1
Human papillomavirus type 156,Gammapapillomavirus 18,NC_033781.1
Human papillomavirus type 161,Gammapapillomavirus 19,NC_038522.1
Human papillomavirus type 85,Human papillomavirus type 85,NC_034616.1
Human parvovirus 4 G1,Tetraparvovirus primate1,NC_007018.1
Human pegivirus 2,Pegivirus columbiaense,NC_027998.2
Human polyomavirus 6,Deltapolyomavirus sextihominis,NC_014406.1
Human polyomavirus 7,Deltapolyomavirus septihominis,NC_014407.1
Human polyomavirus 9,Alphapolyomavirus nonihominis,NC_015150.1
Human PoSCV5-like circular virus,Human PoSCV5-like circular virus,NC_075996.1
Human smacovirus 1,Human smacovirus 1,NC_026252.1
Human stool-associated circular virus NG13,Circovirus eniyan,NC_038392.1
Human T-lymphotropic virus 4,Human T-lymphotropic virus 4,NC_011800.1
Husavirus sp.,Husavirus sp.,NC_032480.1
IAS virus,Paundivirus hollandii,NC_049978.1
Ilesha virus,Orthobunyavirus ileshaense,NC_043585.1;NC_043586.1;NC_043587.1
Indian encephalitis associated cyclovirus,Cyclovirus manusyan,NC_032682.2
Influenza A virus (A/California/07/2009(H1N1)),Alphainfluenzavirus influenzae,NC_026431.1;NC_026432.1;NC_026433.1;NC_026434.1;NC_026435.1;NC_026436.1;NC_026437.1;NC_026438.1
Influenza A virus (A/Korea/426/1968(H2N2)),Alphainfluenzavirus influenzae,NC_007380.1;NC_007381.1;NC_007382.1
Influenza A virus (A/New York/392/2004(H3N2)),Alphainfluenzavirus influenzae,NC_007366.1;NC_007367.1;NC_007368.1;NC_007369.1;NC_007370.1;NC_007371.1;NC_007372.1;NC_007373.1
Influenza A virus (A/Shanghai/02/2013(H7N9)),Alphainfluenzavirus influenzae,NC_026422.1;NC_026423.1;NC_026424.1;NC_026425.1;NC_026426.1;NC_026427.1;NC_026428.1;NC_026429.1
Le Dantec virus,Ledantevirus ledantec,NC_034443.1
Lebombo virus,Orbivirus lebomboense,NC_038594.1;NC_038595.1;NC_038596.1;NC_038597.1;NC_038598.1;NC_038599.1;NC_038600.1;NC_038601.1;NC_038602.1;NC_038603.1
LI polyomavirus,Alphapolyomavirus quardecihominis,NC_034253.1
Lyssavirus duvenhage,Lyssavirus duvenhage,NC_020810.1
Madrid virus,Orthobunyavirus madridense,NC_034497.1;NC_034498.1;NC_034505.1
Maldonado virus,Phlebovirus maldonadoense,NC_055342.1;NC_055343.1;NC_055344.1
Mammalian orthoreovirus 3 Dearing,Orthoreovirus mammalis,NC_077837.1;NC_077838.1;NC_077839.1;NC_077840.1;NC_077841.1;NC_077842.1;NC_077843.1;NC_077844.1;NC_077845.1;NC_077846.1
Mammarenavirus chapareense,Mammarenavirus chapareense,NC_010562.1;NC_010563.1
Mammarenavirus lujoense,Mammarenavirus lujoense,NC_012776.1;NC_012777.1
Merkel cell polyomavirus,Alphapolyomavirus quintihominis,NC_010277.2
Middle East respiratory syndrome-related coronavirus,Betacoronavirus cameli,NC_019843.3
Monkeypox virus,Orthopoxvirus monkeypox,NC_003310.1;NC_063383.1
Mundri virus,Tibrovirus mundri,NC_077192.1
MW polyomavirus,Deltapolyomavirus decihominis,NC_018102.1
New Jersey polyomavirus-2013,Alphapolyomavirus terdecihominis,NC_024118.1
Norovirus GI,Norovirus norwalkense,NC_044853.1;NC_044854.1;NC_044856.1
Norovirus GI/Hu/JP/2007/GI.P3_GI.3/Shimizu/KK2866,Norovirus norwalkense,NC_039897.1
Norovirus GII,Norovirus norwalkense,NC_039477.1;NC_040876.1;NC_044932.1
Norovirus GII.17,Norovirus norwalkense,NC_039475.1
Norovirus GII/Hu/JP/2007/GII.P15_GII.15/Sapporo/HK299,Norovirus norwalkense,NC_044045.1
Norovirus GII/Hu/JP/2011/GII/Yuzawa/Gira2HS,Norovirus norwalkense,NC_044046.1
Norovirus GIV,Norovirus norwalkense,NC_029647.1;NC_044855.1
NY_014 poxvirus,NY_014 poxvirus,NC_035469.1
Orthobunyavirus bwambaense,Orthobunyavirus bwambaense,NC_034479.1;NC_034480.1;NC_034490.1
Orthohantavirus bayoui,Orthohantavirus bayoui,NC_038298.1;NC_038300.1
Orthohantavirus sinnombreense,Orthohantavirus sinnombreense,NC_005215.1;NC_005217.1
Orthomarburgvirus marburgense,Orthomarburgvirus marburgense,NC_024781.1
Orungo virus,Orbivirus orungoense,NC_038604.1;NC_038605.1;NC_038606.1;NC_038607.1;NC_038608.1;NC_038609.1;NC_038610.1;NC_038611.1;NC_038612.1;NC_038613.1
Parvovirus NIH-CQV,Nicoomyvirus moldensis,NC_022089.1
Punta Toro virus,Phlebovirus toroense,NC_039191.1;NC_039192.1;NC_039193.1
Rift Valley fever virus,Phlebovirus riftense,NC_014395.1;NC_014396.1
Rosavirus A2,Rosavirus acaliforni,NC_024070.1
Ross River virus,Alphavirus rossriver,NC_075016.1
Rubella virus,Rubivirus rubellae,NC_076948.1
Salivirus A,Salivirus aklasse,NC_012986.1
Salivirus FHB,Salivirus FHB,NC_025114.1
Salivirus NG-J1,Salivirus aklasse,NC_012957.1
Sandfly fever Turkey virus,Phlebovirus siciliaense,NC_015411.1;NC_015412.1;NC_015413.1
Sapovirus Hu/GI/Sapporo/MT-2010/1982,Sapovirus sapporoense,NC_075724.1
SARS coronavirus Tor2,Betacoronavirus pandemicum,NC_004718.3
Satomivirus wayo,Satomivirus wayo,NC_135452.1
Severe acute respiratory syndrome coronavirus 2,Betacoronavirus pandemicum,NC_045512.2
Severe fever with thrombocytopenia syndrome virus,Bandavirus dabieense,NC_043450.1;NC_043451.1;NC_043452.1
SFTS virus HB29,Bandavirus dabieense,NC_018136.1;NC_018137.1;NC_018138.1
Small anellovirus 1,Small anellovirus,NC_007013.1
Small anellovirus 2,Small anellovirus,NC_007014.1
Songling virus,Orthonairovirus songlingense,NC_079000.1;NC_079001.1;NC_079002.1
Sosuga virus,Pararubulavirus sosugaense,NC_025343.1
Staphylococcus phage 6ec,Sextaecvirus sextaec,NC_024355.1
STL polyomavirus,Deltapolyomavirus undecihominis,NC_020106.1
Sudan ebolavirus,Orthoebolavirus sudanense,NC_006432.1
Tai Forest ebolavirus,Orthoebolavirus taiense,NC_014372.1
Tibrovirus congo,Tibrovirus congo,NC_043067.1
Torque teno midi virus 1,Gammatorquevirus homidi1,NC_009225.1
Torque teno midi virus 10,Gammatorquevirus homidi10,NC_038357.1
Torque teno midi virus 11,Gammatorquevirus homidi11,NC_038358.1
Torque teno midi virus 12,Gammatorquevirus homidi12,NC_038359.1
Torque teno midi virus 13,Gammatorquevirus homidi13,NC_038360.1
Torque teno midi virus 14,Gammatorquevirus homidi14,NC_038361.1
Torque teno midi virus 2,Gammatorquevirus homidi2,NC_014093.1
Torque teno midi virus 3,Gammatorquevirus homidi3,NC_038350.1
Torque teno midi virus 4,Gammatorquevirus homidi4,NC_038351.1
Torque teno midi virus 5,Gammatorquevirus homidi5,NC_038352.1
Torque teno midi virus 6,Gammatorquevirus homidi6,NC_038353.1
Torque teno midi virus 7,Gammatorquevirus homidi7,NC_038354.1
Torque teno midi virus 8,Gammatorquevirus homidi8,NC_038355.1
Torque teno midi virus 9,Gammatorquevirus homidi9,NC_038356.1
Torque teno mini virus 1,Betatorquevirus homini1,NC_014097.1
Torque teno mini virus 10,Betatorquevirus homini10,NC_038345.1;NC_076233.1;NC_076234.1
Torque teno mini virus 11,Betatorquevirus homini11,NC_038346.1
Torque teno mini virus 12,Betatorquevirus homini12,NC_038347.1
Torque teno mini virus 18,Betatorquevirus homini18,NC_030297.1
Torque teno mini virus 5,Betatorquevirus homini5,NC_014089.1
Torque teno mini virus 6,Betatorquevirus homini6,NC_014095.1
Torque teno mini virus 8,Betatorquevirus homini8,NC_014068.1
Torque teno mini virus ALA22,Betatorquevirus homini27,NC_025726.1
Torque teno mini virus ALH8,Betatorquevirus homini16,NC_025727.1
Torque teno mini virus SHA,Betatorquevirus homini26,NC_076162.1
Torque teno virus,Torque teno virus,NC_076168.1
Torque teno virus 9,Alphatorquevirus homin9,NC_038337.1
Trichodysplasia spinulosa-associated polyomavirus,Alphapolyomavirus octihominis,NC_014361.1
TTV-like mini virus,TTV-like mini virus,NC_020498.1;NC_076131.1;NC_076135.1;NC_076155.1;NC_076156.1;NC_076166.1;NC_076339.1
Yezo virus,Orthonairovirus yezoense,NC_079098.1;NC_079099.1;NC_079100.1
Zika virus,Orthoflavivirus zikaense,NC_035889.1
